territory_id,year,w_drought_intensity,w_aquifer_deficit_share,e_capacity_per_100k,e_combustion_share,d_cloud_regions,v_pop_density,v_marginalization,v_drought_vulnerability
01,2020,4.178,,70.715,17.448,0.0,48.034,9.944,59.497
01,2021,26.908,,70.458,17.448,0.0,48.216,9.944,59.497
01,2022,21.56,,62.123,0.0,0.0,48.415,9.944,59.497
01,2023,91.385,100.0,66.937,0.0,0.0,48.626,9.944,59.497
01,2024,49.806,100.0,63.054,0.0,0.0,48.829,9.944,59.497
01,2025,1.17,100.0,64.605,0.0,0.0,49.026,9.944,59.497
01,2026,0.0,100.0,64.337,0.0,0.0,49.215,9.944,59.497
01,2027,,100.0,67.281,12.34,,49.397,9.944,59.497
02,2020,2.889,,70.83,81.61,0.0,22.475,16.571,77.761
02,2021,50.951,,72.832,80.186,0.0,22.685,16.571,77.761
02,2022,67.497,,71.98,81.95,0.0,22.919,16.571,77.761
02,2023,5.755,33.333,70.399,80.949,0.0,23.166,16.571,77.761
02,2024,8.405,33.333,68.857,81.014,0.0,23.406,16.571,77.761
02,2025,67.76,33.333,72.081,84.329,0.0,23.635,16.571,77.761
02,2026,1.483,33.333,76.325,81.861,0.0,23.854,16.571,77.761
02,2027,,33.333,78.386,73.621,,24.062,16.571,77.761
03,2020,8.825,,85.754,93.612,0.0,0.0,15.824,34.576
03,2021,51.844,,85.634,92.188,0.0,0.0,15.824,34.576
03,2022,26.474,,86.186,88.059,0.0,0.0,15.824,34.576
03,2023,9.208,56.41,85.474,88.343,0.0,0.0,15.824,34.576
03,2024,5.515,56.41,84.634,89.798,0.0,0.056,15.824,34.576
03,2025,21.694,56.41,83.849,90.063,0.0,0.355,15.824,34.576
03,2026,0.0,56.41,83.407,90.063,0.0,0.643,15.824,34.576
03,2027,,56.41,82.982,90.063,,0.921,15.824,34.576
04,2020,9.05,,83.174,71.689,0.0,4.423,45.277,0.0
04,2021,0.141,,85.434,64.578,0.0,4.464,45.277,0.0
04,2022,0.282,,84.043,68.473,0.0,4.524,45.277,0.0
04,2023,11.511,0.0,78.636,86.842,0.0,4.601,45.277,0.0
04,2024,14.142,0.0,78.531,86.842,0.0,4.671,45.277,0.0
04,2025,9.899,0.0,83.216,70.072,0.0,4.733,45.277,0.0
04,2026,2.196,0.0,83.134,70.072,0.0,4.787,45.277,0.0
04,2027,,0.0,84.155,66.707,,4.835,45.277,0.0
05,2020,33.867,,84.117,61.594,0.0,8.286,7.215,12.573
05,2021,39.914,,84.26,60.501,0.0,8.456,7.215,12.573
05,2022,64.636,,81.933,64.64,0.0,8.649,7.215,12.573
05,2023,41.144,67.857,78.064,66.844,0.0,8.849,7.215,12.573
05,2024,32.706,67.857,78.645,64.121,0.0,9.044,7.215,12.573
05,2025,49.396,67.857,78.367,64.121,0.0,9.232,7.215,12.573
05,2026,28.823,67.857,78.777,62.218,0.0,9.412,7.215,12.573
05,2027,,67.857,79.323,60.003,,9.585,7.215,12.573
06,2020,1.655,,100.0,100.0,0.0,36.411,15.351,12.592
06,2021,36.401,,100.0,100.0,0.0,36.479,15.351,12.592
06,2022,6.802,,100.0,100.0,0.0,36.563,15.351,12.592
06,2023,51.221,36.364,100.0,100.0,0.0,36.672,15.351,12.592
06,2024,15.627,36.364,99.973,100.0,0.0,36.776,15.351,12.592
06,2025,0.367,36.364,99.832,100.0,0.0,36.874,15.351,12.592
06,2026,0.0,36.364,99.7,100.0,0.0,36.966,15.351,12.592
06,2027,,36.364,99.578,100.0,,37.052,15.351,12.592
07,2020,1.897,,65.828,0.163,0.0,28.666,91.895,68.834
07,2021,0.727,,65.551,0.163,0.0,28.86,91.895,68.834
07,2022,1.645,,65.25,0.163,0.0,29.071,91.895,68.834
07,2023,10.226,0.0,64.806,0.174,0.0,29.295,91.895,68.834
07,2024,20.431,0.0,64.235,0.197,0.0,29.512,91.895,68.834
07,2025,1.971,0.0,63.937,0.197,0.0,29.72,91.895,68.834
07,2026,4.961,0.0,63.652,0.197,0.0,29.921,91.895,68.834
07,2027,,0.0,63.378,0.197,,30.113,91.895,68.834
08,2020,37.346,,79.189,62.285,0.0,3.415,27.531,100.0
08,2021,53.946,,79.11,61.049,0.0,3.569,27.531,100.0
08,2022,36.274,,77.231,65.67,0.0,3.75,27.531,100.0
08,2023,58.639,62.295,74.773,72.048,0.0,3.941,27.531,100.0
08,2024,100.0,62.295,73.347,75.872,0.0,4.126,27.531,100.0
08,2025,77.928,62.295,73.21,75.377,0.0,4.301,27.531,100.0
08,2026,8.754,62.295,73.061,75.045,0.0,4.466,27.531,100.0
08,2027,,62.295,73.611,72.453,,4.619,27.531,100.0
09,2020,0.0,,0.172,100.0,0.0,100.0,2.418,86.441
09,2021,4.481,,0.629,99.549,0.0,100.0,2.418,86.441
09,2022,0.69,,0.0,93.718,0.0,100.0,2.418,86.441
09,2023,21.461,100.0,0.0,99.486,0.0,100.0,2.418,86.441
09,2024,41.595,100.0,0.0,95.137,0.0,99.994,2.418,86.441
09,2025,0.0,100.0,0.0,95.137,0.0,99.959,2.418,86.441
09,2026,0.0,100.0,0.0,95.137,0.0,99.917,2.418,86.441
09,2027,,100.0,0.0,95.137,,99.87,2.418,86.441
10,2020,26.539,,79.312,80.355,0.0,3.394,39.916,48.851
10,2021,66.043,,79.334,79.747,0.0,3.491,39.916,48.851
10,2022,32.197,,75.639,84.271,0.0,3.604,39.916,48.851
10,2023,82.688,41.379,76.301,81.133,0.0,3.725,39.916,48.851
10,2024,100.0,41.379,76.939,78.238,0.0,3.839,39.916,48.851
10,2025,43.51,41.379,76.781,78.238,0.0,3.944,39.916,48.851
10,2026,0.067,41.379,77.877,73.988,0.0,4.04,39.916,48.851
10,2027,,41.379,77.744,73.988,,4.129,39.916,48.851
11,2020,13.948,,63.362,86.328,0.0,44.16,32.315,70.226
11,2021,41.686,,63.074,86.844,0.0,44.27,32.315,70.226
11,2022,24.299,,53.632,83.384,0.0,44.401,32.315,70.226
11,2023,80.865,72.222,51.285,80.348,0.0,44.555,32.315,70.226
11,2024,76.495,72.222,50.224,83.273,0.0,44.701,32.315,70.226
11,2025,6.954,72.222,51.18,79.022,0.0,44.839,32.315,70.226
11,2026,0.0,72.222,57.452,83.522,0.0,44.968,32.315,70.226
11,2027,,72.222,58.26,80.413,,45.09,32.315,70.226
12,2020,37.808,,67.437,78.175,0.0,23.348,100.0,54.797
12,2021,29.133,,67.447,78.175,0.0,23.341,100.0,54.797
12,2022,1.816,,67.231,78.788,0.0,23.348,100.0,54.797
12,2023,40.987,8.571,67.205,78.788,0.0,23.366,100.0,54.797
12,2024,30.237,8.571,67.023,79.378,0.0,23.377,100.0,54.797
12,2025,0.951,8.571,67.019,79.378,0.0,23.38,100.0,54.797
12,2026,3.664,8.571,67.026,79.378,0.0,23.376,100.0,54.797
12,2027,,8.571,67.044,79.378,,23.363,100.0,54.797
13,2020,12.06,,69.439,74.869,0.0,38.765,43.284,42.457
13,2021,20.529,,70.106,72.017,0.0,38.906,43.284,42.457
13,2022,30.706,,71.059,68.226,0.0,39.069,43.284,42.457
13,2023,60.521,14.286,67.224,78.977,0.0,39.255,43.284,42.457
13,2024,67.234,14.286,66.788,79.623,0.0,39.435,43.284,42.457
13,2025,1.576,14.286,66.543,79.623,0.0,39.607,43.284,42.457
13,2026,0.432,14.286,66.309,79.623,0.0,39.772,43.284,42.457
13,2027,,14.286,68.876,70.2,,39.928,43.284,42.457
14,2020,12.178,,56.662,53.009,0.0,33.615,13.08,65.165
14,2021,35.328,,57.996,49.432,0.0,33.737,13.08,65.165
14,2022,18.046,,52.287,40.26,0.0,33.875,13.08,65.165
14,2023,76.107,59.322,47.105,33.722,0.0,34.035,13.08,65.165
14,2024,38.842,59.322,44.047,38.342,0.0,34.19,13.08,65.165
14,2025,5.397,59.322,43.611,37.704,0.0,34.338,13.08,65.165
14,2026,0.166,59.322,43.624,37.985,0.0,34.478,13.08,65.165
14,2027,,59.322,43.44,37.985,,34.61,13.08,65.165
15,2020,6.677,,35.463,89.308,38.685,65.688,21.201,89.532
15,2021,18.12,,39.709,91.046,61.315,65.738,21.201,89.532
15,2022,5.471,,38.817,97.654,61.315,65.82,21.201,89.532
15,2023,46.823,88.889,31.426,96.738,61.315,65.932,21.201,89.532
15,2024,49.961,88.889,30.142,96.562,61.315,66.037,21.201,89.532
15,2025,0.427,88.889,30.13,96.581,61.315,66.134,21.201,89.532
15,2026,0.083,88.889,30.797,93.581,61.315,66.224,21.201,89.532
15,2027,,88.889,39.411,95.687,,66.306,21.201,89.532
16,2020,22.046,,49.599,4.126,0.0,29.49,41.457,95.825
16,2021,54.991,,49.45,4.126,0.0,29.596,41.457,95.825
16,2022,13.032,,49.271,4.126,0.0,29.723,41.457,95.825
16,2023,95.325,40.909,48.892,3.455,0.0,29.881,41.457,95.825
16,2024,69.666,40.909,48.676,3.455,0.0,30.034,41.457,95.825
16,2025,1.546,40.909,48.469,3.455,0.0,30.181,41.457,95.825
16,2026,2.711,40.909,48.273,3.455,0.0,30.32,41.457,95.825
16,2027,,40.909,48.088,3.455,,30.451,41.457,95.825
17,2020,2.707,,43.957,98.235,0.0,54.55,29.147,74.649
17,2021,0.92,,46.036,89.077,0.0,54.594,29.147,74.649
17,2022,5.108,,45.939,89.077,0.0,54.664,29.147,74.649
17,2023,58.352,25.0,45.284,90.467,0.0,54.773,29.147,74.649
17,2024,39.066,25.0,45.141,90.467,0.0,54.876,29.147,74.649
17,2025,1.839,25.0,45.009,90.467,0.0,54.971,29.147,74.649
17,2026,1.37,25.0,44.886,90.467,0.0,55.059,29.147,74.649
17,2027,,25.0,44.772,90.467,,55.141,29.147,74.649
18,2020,7.263,,76.859,0.91,0.0,20.389,47.598,36.424
18,2021,27.393,,76.637,0.91,0.0,20.542,47.598,36.424
18,2022,13.512,,76.393,0.91,0.0,20.711,47.598,36.424
18,2023,54.386,25.0,75.812,0.946,0.0,20.9,47.598,36.424
18,2024,35.207,25.0,75.507,0.782,0.0,21.085,47.598,36.424
18,2025,7.263,25.0,75.302,1.006,0.0,21.263,47.598,36.424
18,2026,2.206,25.0,75.059,1.006,0.0,21.431,47.598,36.424
18,2027,,25.0,74.831,1.006,,21.589,47.598,36.424
19,2020,17.88,,77.076,92.952,0.0,31.117,0.0,45.478
19,2021,40.879,,77.493,89.822,0.0,31.359,0.0,45.478
19,2022,27.0,,77.115,89.819,0.0,31.619,0.0,45.478
19,2023,35.321,56.522,73.641,88.342,38.685,31.894,0.0,45.478
19,2024,13.915,56.522,73.475,87.474,38.685,32.164,0.0,45.478
19,2025,3.966,56.522,73.335,87.602,38.685,32.426,0.0,45.478
19,2026,7.787,56.522,73.029,87.567,38.685,32.68,0.0,45.478
19,2027,,56.522,73.469,84.997,,32.924,0.0,45.478
20,2020,14.056,,66.495,7.173,0.0,20.22,82.118,53.612
20,2021,3.383,,66.404,7.173,0.0,20.283,82.118,53.612
20,2022,7.882,,65.479,4.339,0.0,20.369,82.118,53.612
20,2023,28.2,9.524,64.081,4.68,0.0,20.488,82.118,53.612
20,2024,25.078,9.524,63.914,4.68,0.0,20.605,82.118,53.612
20,2025,0.658,9.524,63.752,4.68,0.0,20.717,82.118,53.612
20,2026,1.931,9.524,63.598,4.68,0.0,20.824,82.118,53.612
20,2027,,9.524,63.452,4.68,,20.925,82.118,53.612
21,2020,2.109,,39.378,28.911,0.0,43.19,45.947,73.479
21,2021,3.558,,39.265,28.825,0.0,43.316,45.947,73.479
21,2022,4.693,,39.234,28.464,0.0,43.472,45.947,73.479
21,2023,18.265,33.333,37.858,29.965,0.0,43.664,45.947,73.479
21,2024,26.848,33.333,37.598,29.965,0.0,43.853,45.947,73.479
21,2025,0.288,33.333,35.997,31.968,0.0,44.036,45.947,73.479
21,2026,1.041,33.333,40.658,25.245,0.0,44.214,45.947,73.479
21,2027,,33.333,44.151,21.067,,44.385,45.947,73.479
22,2020,19.405,,53.084,95.854,0.0,44.225,20.924,90.102
22,2021,36.768,,52.69,95.854,0.0,44.506,20.924,90.102
22,2022,59.852,,50.439,95.5,38.685,44.799,20.924,90.102
22,2023,90.697,63.636,49.423,97.179,38.685,45.112,20.924,90.102
22,2024,100.0,63.636,49.099,97.191,77.371,45.414,20.924,90.102
22,2025,11.031,63.636,48.755,97.199,100.0,45.705,20.924,90.102
22,2026,0.577,63.636,48.366,97.199,100.0,45.983,20.924,90.102
22,2027,,63.636,47.993,97.199,,46.249,20.924,90.102
23,2020,10.697,,38.282,77.091,0.0,19.387,22.605,57.821
23,2021,0.334,,37.839,77.091,0.0,19.702,22.605,57.821
23,2022,1.839,,37.179,76.877,0.0,20.026,22.605,57.821
23,2023,6.977,0.0,35.177,81.692,0.0,20.36,22.605,57.821
23,2024,5.182,0.0,33.288,87.373,0.0,20.68,22.605,57.821
23,2025,14.875,0.0,32.862,87.373,0.0,20.986,22.605,57.821
23,2026,11.562,0.0,32.456,87.373,0.0,21.279,22.605,57.821
23,2027,,0.0,32.068,87.373,,21.559,22.605,57.821
24,2020,28.729,,81.638,80.473,0.0,19.909,38.187,86.647
24,2021,29.384,,81.613,80.547,0.0,19.986,38.187,86.647
24,2022,34.37,,83.249,83.688,0.0,20.095,38.187,86.647
24,2023,69.453,57.895,82.098,85.489,0.0,20.231,38.187,86.647
24,2024,70.89,57.895,77.427,82.334,0.0,20.363,38.187,86.647
24,2025,4.176,57.895,77.244,82.334,0.0,20.49,38.187,86.647
24,2026,1.011,57.895,77.07,82.334,0.0,20.61,38.187,86.647
24,2027,,57.895,77.374,80.62,,20.724,38.187,86.647
25,2020,27.393,,67.216,71.348,0.0,22.687,23.56,69.742
25,2021,66.093,,67.09,71.348,0.0,22.774,23.56,69.742
25,2022,22.337,,66.69,72.135,0.0,22.883,23.56,69.742
25,2023,74.433,57.143,72.227,78.809,0.0,23.005,23.56,69.742
25,2024,100.0,57.143,72.002,79.02,0.0,23.12,23.56,69.742
25,2025,72.986,57.143,72.062,78.255,0.0,23.229,23.56,69.742
25,2026,7.008,57.143,71.982,78.055,0.0,23.33,23.56,69.742
25,2027,,57.143,71.992,78.196,,23.425,23.56,69.742
26,2020,32.684,,90.104,70.526,0.0,4.715,16.368,65.1
26,2021,78.083,,89.772,71.04,0.0,4.825,16.368,65.1
26,2022,39.629,,86.301,67.835,0.0,4.96,16.368,65.1
26,2023,60.083,38.333,84.578,72.085,0.0,5.111,16.368,65.1
26,2024,99.711,38.333,85.532,68.325,0.0,5.258,16.368,65.1
26,2025,93.634,38.333,88.671,71.643,0.0,5.399,16.368,65.1
26,2026,5.768,38.333,88.522,71.475,0.0,5.533,16.368,65.1
26,2027,,38.333,89.185,68.787,,5.66,16.368,65.1
27,2020,16.221,,45.781,100.0,0.0,32.865,41.042,16.963
27,2021,0.0,,45.802,100.0,0.0,32.873,41.042,16.963
27,2022,0.0,,48.753,100.0,0.0,32.909,41.042,16.963
27,2023,13.429,0.0,48.545,100.0,0.0,32.958,41.042,16.963
27,2024,43.473,0.0,48.536,100.0,0.0,33.002,41.042,16.963
27,2025,29.091,0.0,48.482,100.0,0.0,33.04,41.042,16.963
27,2026,3.359,0.0,54.759,100.0,0.0,33.073,41.042,16.963
27,2027,,0.0,54.719,100.0,,33.101,41.042,16.963
28,2020,22.19,,90.455,74.901,0.0,20.069,19.652,55.497
28,2021,35.701,,90.555,74.12,0.0,20.182,19.652,55.497
28,2022,40.574,,89.64,75.24,0.0,20.315,19.652,55.497
28,2023,56.213,28.571,88.084,76.529,0.0,20.456,19.652,55.497
28,2024,46.903,28.571,87.37,78.284,0.0,20.592,19.652,55.497
28,2025,6.712,28.571,87.674,75.349,0.0,20.722,19.652,55.497
28,2026,17.866,28.571,87.498,75.349,0.0,20.843,19.652,55.497
28,2027,,28.571,88.122,73.218,,20.955,19.652,55.497
29,2020,2.023,,63.26,6.531,0.0,52.814,28.692,73.305
29,2021,8.242,,59.839,7.813,0.0,52.938,28.692,73.305
29,2022,3.646,,50.266,12.743,0.0,53.104,28.692,73.305
29,2023,9.688,0.0,45.652,15.845,0.0,53.308,28.692,73.305
29,2024,20.805,0.0,45.376,15.845,0.0,53.507,28.692,73.305
29,2025,0.0,0.0,45.109,15.845,0.0,53.698,28.692,73.305
29,2026,0.259,0.0,48.833,12.968,0.0,53.883,28.692,73.305
29,2027,,0.0,53.522,10.057,,54.061,28.692,73.305
30,2020,13.876,,78.199,82.643,0.0,34.876,56.444,71.163
30,2021,3.539,,78.413,82.208,0.0,34.831,56.444,71.163
30,2022,7.614,,78.351,82.264,0.0,34.806,56.444,71.163
30,2023,21.491,22.222,78.206,82.335,0.0,34.802,56.444,71.163
30,2024,26.121,22.222,75.022,82.221,0.0,34.795,56.444,71.163
30,2025,1.648,22.222,72.379,80.371,0.0,34.782,56.444,71.163
30,2026,0.538,22.222,72.408,80.373,0.0,34.764,56.444,71.163
30,2027,,22.222,72.443,80.373,,34.739,56.444,71.163
31,2020,9.227,,88.663,78.031,0.0,24.944,47.628,77.53
31,2021,0.0,,88.398,78.031,0.0,25.128,47.628,77.53
31,2022,1.041,,86.865,82.536,0.0,25.322,47.628,77.53
31,2023,13.646,0.0,85.961,84.801,0.0,25.53,47.628,77.53
31,2024,11.585,0.0,80.514,89.747,0.0,25.729,47.628,77.53
31,2025,2.271,0.0,77.793,86.276,0.0,25.919,47.628,77.53
31,2026,1.813,0.0,78.504,82.594,0.0,26.101,47.628,77.53
31,2027,,0.0,79.73,77.296,,26.275,47.628,77.53
32,2020,7.639,,75.811,0.398,0.0,8.9,31.69,38.055
32,2021,35.279,,75.696,0.398,0.0,8.978,31.69,38.055
32,2022,21.712,,66.169,1.704,0.0,9.091,31.69,38.055
32,2023,81.036,58.824,55.725,3.696,0.0,9.232,31.69,38.055
32,2024,35.438,58.824,53.632,3.836,0.0,9.371,31.69,38.055
32,2025,6.941,58.824,53.438,3.836,0.0,9.503,31.69,38.055
32,2026,0.0,58.824,51.559,4.277,0.0,9.628,31.69,38.055
32,2027,,58.824,65.251,1.5,,9.745,31.69,38.055
