cve_ent,name,area_km2
26,Sonora,179181.7759918409
02,Baja California,72907.70753275753
08,Chihuahua,247981.95125135416
05,Coahuila,150977.85153612695
28,Tamaulipas,79582.8703593444
19,Nuevo León,64983.97603639585
23,Quintana Roo,43875.4718429493
04,Campeche,57141.79012524039
27,Tabasco,24056.211785659576
07,Chiapas,73383.76433443843
06,Colima,5878.167686743871
18,Nayarit,27164.779753769853
03,Baja California Sur,72126.8920265293
25,Sinaloa,57716.033524884326
31,Yucatán,38385.04512435009
30,Veracruz,70966.3592449013
14,Jalisco,80000.11596500917
16,Michoacán,58881.0627200497
12,Guerrero,64694.494610661844
20,Oaxaca,92157.26361483395
15,México,21825.726073388843
21,Puebla,34590.799461714945
17,Morelos,5079.888164150027
22,Querétaro,11700.035502474911
13,Hidalgo,21304.479557855335
11,Guanajuato,30419.064148290352
24,San Luis Potosí,64201.72864927315
32,Zacatecas,74725.92006569525
01,Aguascalientes,5547.950758312208
10,Durango,121025.15602563717
29,Tlaxcala,3872.541467405593
09,Distrito Federal,1375.1453983596716
