territory_id,year,coverage,coverage_W,coverage_E,coverage_D,coverage_V,tier,n_known,n_derived,n_estimated,n_modelled,n_unknown
01,2020,0.6354,0.425,0.85,0.7,0.5667,moderate,1,4,0,2,1
01,2021,0.6354,0.425,0.85,0.7,0.5667,moderate,1,4,0,2,1
01,2022,0.6248,0.425,0.85,0.7,0.5242,moderate,1,4,0,2,1
01,2023,0.7392,0.925,0.85,0.7,0.4817,moderate,2,4,0,2,0
01,2024,0.7285,0.925,0.85,0.7,0.4392,moderate,2,4,0,2,0
01,2025,0.6992,0.85,0.85,0.7,0.3967,moderate,2,4,0,2,0
01,2026,0.5914,0.6688,0.6,0.7,0.3967,moderate,2,2,2,2,0
01,2027,0.3179,0.275,0.6,0.0,0.3967,limited,1,1,2,2,2
02,2020,0.6354,0.425,0.85,0.7,0.5667,moderate,1,4,0,2,1
02,2021,0.6354,0.425,0.85,0.7,0.5667,moderate,1,4,0,2,1
02,2022,0.6248,0.425,0.85,0.7,0.5242,moderate,1,4,0,2,1
02,2023,0.7392,0.925,0.85,0.7,0.4817,moderate,2,4,0,2,0
02,2024,0.7285,0.925,0.85,0.7,0.4392,moderate,2,4,0,2,0
02,2025,0.6992,0.85,0.85,0.7,0.3967,moderate,2,4,0,2,0
02,2026,0.5914,0.6688,0.6,0.7,0.3967,moderate,2,2,2,2,0
02,2027,0.3179,0.275,0.6,0.0,0.3967,limited,1,1,2,2,2
03,2020,0.6354,0.425,0.85,0.7,0.5667,moderate,1,4,0,2,1
03,2021,0.6354,0.425,0.85,0.7,0.5667,moderate,1,4,0,2,1
03,2022,0.6248,0.425,0.85,0.7,0.5242,moderate,1,4,0,2,1
03,2023,0.7392,0.925,0.85,0.7,0.4817,moderate,2,4,0,2,0
03,2024,0.7285,0.925,0.85,0.7,0.4392,moderate,2,4,0,2,0
03,2025,0.6992,0.85,0.85,0.7,0.3967,moderate,2,4,0,2,0
03,2026,0.5914,0.6688,0.6,0.7,0.3967,moderate,2,2,2,2,0
03,2027,0.3179,0.275,0.6,0.0,0.3967,limited,1,1,2,2,2
04,2020,0.6354,0.425,0.85,0.7,0.5667,moderate,1,4,0,2,1
04,2021,0.6354,0.425,0.85,0.7,0.5667,moderate,1,4,0,2,1
04,2022,0.6248,0.425,0.85,0.7,0.5242,moderate,1,4,0,2,1
04,2023,0.7392,0.925,0.85,0.7,0.4817,moderate,2,4,0,2,0
04,2024,0.7285,0.925,0.85,0.7,0.4392,moderate,2,4,0,2,0
04,2025,0.6992,0.85,0.85,0.7,0.3967,moderate,2,4,0,2,0
04,2026,0.5914,0.6688,0.6,0.7,0.3967,moderate,2,2,2,2,0
04,2027,0.3179,0.275,0.6,0.0,0.3967,limited,1,1,2,2,2
05,2020,0.6354,0.425,0.85,0.7,0.5667,moderate,1,4,0,2,1
05,2021,0.6354,0.425,0.85,0.7,0.5667,moderate,1,4,0,2,1
05,2022,0.6248,0.425,0.85,0.7,0.5242,moderate,1,4,0,2,1
05,2023,0.7392,0.925,0.85,0.7,0.4817,moderate,2,4,0,2,0
05,2024,0.7285,0.925,0.85,0.7,0.4392,moderate,2,4,0,2,0
05,2025,0.6992,0.85,0.85,0.7,0.3967,moderate,2,4,0,2,0
05,2026,0.5914,0.6688,0.6,0.7,0.3967,moderate,2,2,2,2,0
05,2027,0.3179,0.275,0.6,0.0,0.3967,limited,1,1,2,2,2
06,2020,0.6354,0.425,0.85,0.7,0.5667,moderate,1,4,0,2,1
06,2021,0.6354,0.425,0.85,0.7,0.5667,moderate,1,4,0,2,1
06,2022,0.6248,0.425,0.85,0.7,0.5242,moderate,1,4,0,2,1
06,2023,0.7392,0.925,0.85,0.7,0.4817,moderate,2,4,0,2,0
06,2024,0.7285,0.925,0.85,0.7,0.4392,moderate,2,4,0,2,0
06,2025,0.6992,0.85,0.85,0.7,0.3967,moderate,2,4,0,2,0
06,2026,0.5914,0.6688,0.6,0.7,0.3967,moderate,2,2,2,2,0
06,2027,0.3179,0.275,0.6,0.0,0.3967,limited,1,1,2,2,2
07,2020,0.6354,0.425,0.85,0.7,0.5667,moderate,1,4,0,2,1
07,2021,0.6354,0.425,0.85,0.7,0.5667,moderate,1,4,0,2,1
07,2022,0.6248,0.425,0.85,0.7,0.5242,moderate,1,4,0,2,1
07,2023,0.7392,0.925,0.85,0.7,0.4817,moderate,2,4,0,2,0
07,2024,0.7285,0.925,0.85,0.7,0.4392,moderate,2,4,0,2,0
07,2025,0.6992,0.85,0.85,0.7,0.3967,moderate,2,4,0,2,0
07,2026,0.5914,0.6688,0.6,0.7,0.3967,moderate,2,2,2,2,0
07,2027,0.3179,0.275,0.6,0.0,0.3967,limited,1,1,2,2,2
08,2020,0.6354,0.425,0.85,0.7,0.5667,moderate,1,4,0,2,1
08,2021,0.6354,0.425,0.85,0.7,0.5667,moderate,1,4,0,2,1
08,2022,0.6248,0.425,0.85,0.7,0.5242,moderate,1,4,0,2,1
08,2023,0.7392,0.925,0.85,0.7,0.4817,moderate,2,4,0,2,0
08,2024,0.7285,0.925,0.85,0.7,0.4392,moderate,2,4,0,2,0
08,2025,0.6992,0.85,0.85,0.7,0.3967,moderate,2,4,0,2,0
08,2026,0.5914,0.6688,0.6,0.7,0.3967,moderate,2,2,2,2,0
08,2027,0.3179,0.275,0.6,0.0,0.3967,limited,1,1,2,2,2
09,2020,0.6354,0.425,0.85,0.7,0.5667,moderate,1,4,0,2,1
09,2021,0.6354,0.425,0.85,0.7,0.5667,moderate,1,4,0,2,1
09,2022,0.6248,0.425,0.85,0.7,0.5242,moderate,1,4,0,2,1
09,2023,0.7392,0.925,0.85,0.7,0.4817,moderate,2,4,0,2,0
09,2024,0.7285,0.925,0.85,0.7,0.4392,moderate,2,4,0,2,0
09,2025,0.6992,0.85,0.85,0.7,0.3967,moderate,2,4,0,2,0
09,2026,0.5914,0.6688,0.6,0.7,0.3967,moderate,2,2,2,2,0
09,2027,0.3179,0.275,0.6,0.0,0.3967,limited,1,1,2,2,2
10,2020,0.6354,0.425,0.85,0.7,0.5667,moderate,1,4,0,2,1
10,2021,0.6354,0.425,0.85,0.7,0.5667,moderate,1,4,0,2,1
10,2022,0.6248,0.425,0.85,0.7,0.5242,moderate,1,4,0,2,1
10,2023,0.7392,0.925,0.85,0.7,0.4817,moderate,2,4,0,2,0
10,2024,0.7285,0.925,0.85,0.7,0.4392,moderate,2,4,0,2,0
10,2025,0.6992,0.85,0.85,0.7,0.3967,moderate,2,4,0,2,0
10,2026,0.5914,0.6688,0.6,0.7,0.3967,moderate,2,2,2,2,0
10,2027,0.3179,0.275,0.6,0.0,0.3967,limited,1,1,2,2,2
11,2020,0.6354,0.425,0.85,0.7,0.5667,moderate,1,4,0,2,1
11,2021,0.6354,0.425,0.85,0.7,0.5667,moderate,1,4,0,2,1
11,2022,0.6248,0.425,0.85,0.7,0.5242,moderate,1,4,0,2,1
11,2023,0.7392,0.925,0.85,0.7,0.4817,moderate,2,4,0,2,0
11,2024,0.7285,0.925,0.85,0.7,0.4392,moderate,2,4,0,2,0
11,2025,0.6992,0.85,0.85,0.7,0.3967,moderate,2,4,0,2,0
11,2026,0.5914,0.6688,0.6,0.7,0.3967,moderate,2,2,2,2,0
11,2027,0.3179,0.275,0.6,0.0,0.3967,limited,1,1,2,2,2
12,2020,0.6354,0.425,0.85,0.7,0.5667,moderate,1,4,0,2,1
12,2021,0.6354,0.425,0.85,0.7,0.5667,moderate,1,4,0,2,1
12,2022,0.6248,0.425,0.85,0.7,0.5242,moderate,1,4,0,2,1
12,2023,0.7392,0.925,0.85,0.7,0.4817,moderate,2,4,0,2,0
12,2024,0.7285,0.925,0.85,0.7,0.4392,moderate,2,4,0,2,0
12,2025,0.6992,0.85,0.85,0.7,0.3967,moderate,2,4,0,2,0
12,2026,0.5914,0.6688,0.6,0.7,0.3967,moderate,2,2,2,2,0
12,2027,0.3179,0.275,0.6,0.0,0.3967,limited,1,1,2,2,2
13,2020,0.6354,0.425,0.85,0.7,0.5667,moderate,1,4,0,2,1
13,2021,0.6354,0.425,0.85,0.7,0.5667,moderate,1,4,0,2,1
13,2022,0.6248,0.425,0.85,0.7,0.5242,moderate,1,4,0,2,1
13,2023,0.7392,0.925,0.85,0.7,0.4817,moderate,2,4,0,2,0
13,2024,0.7285,0.925,0.85,0.7,0.4392,moderate,2,4,0,2,0
13,2025,0.6992,0.85,0.85,0.7,0.3967,moderate,2,4,0,2,0
13,2026,0.5914,0.6688,0.6,0.7,0.3967,moderate,2,2,2,2,0
13,2027,0.3179,0.275,0.6,0.0,0.3967,limited,1,1,2,2,2
14,2020,0.6354,0.425,0.85,0.7,0.5667,moderate,1,4,0,2,1
14,2021,0.6354,0.425,0.85,0.7,0.5667,moderate,1,4,0,2,1
14,2022,0.6248,0.425,0.85,0.7,0.5242,moderate,1,4,0,2,1
14,2023,0.7392,0.925,0.85,0.7,0.4817,moderate,2,4,0,2,0
14,2024,0.7285,0.925,0.85,0.7,0.4392,moderate,2,4,0,2,0
14,2025,0.6992,0.85,0.85,0.7,0.3967,moderate,2,4,0,2,0
14,2026,0.5914,0.6688,0.6,0.7,0.3967,moderate,2,2,2,2,0
14,2027,0.3179,0.275,0.6,0.0,0.3967,limited,1,1,2,2,2
15,2020,0.6354,0.425,0.85,0.7,0.5667,moderate,1,4,0,2,1
15,2021,0.6354,0.425,0.85,0.7,0.5667,moderate,1,4,0,2,1
15,2022,0.6248,0.425,0.85,0.7,0.5242,moderate,1,4,0,2,1
15,2023,0.7392,0.925,0.85,0.7,0.4817,moderate,2,4,0,2,0
15,2024,0.7285,0.925,0.85,0.7,0.4392,moderate,2,4,0,2,0
15,2025,0.6992,0.85,0.85,0.7,0.3967,moderate,2,4,0,2,0
15,2026,0.5914,0.6688,0.6,0.7,0.3967,moderate,2,2,2,2,0
15,2027,0.3179,0.275,0.6,0.0,0.3967,limited,1,1,2,2,2
16,2020,0.6354,0.425,0.85,0.7,0.5667,moderate,1,4,0,2,1
16,2021,0.6354,0.425,0.85,0.7,0.5667,moderate,1,4,0,2,1
16,2022,0.6248,0.425,0.85,0.7,0.5242,moderate,1,4,0,2,1
16,2023,0.7392,0.925,0.85,0.7,0.4817,moderate,2,4,0,2,0
16,2024,0.7285,0.925,0.85,0.7,0.4392,moderate,2,4,0,2,0
16,2025,0.6992,0.85,0.85,0.7,0.3967,moderate,2,4,0,2,0
16,2026,0.5914,0.6688,0.6,0.7,0.3967,moderate,2,2,2,2,0
16,2027,0.3179,0.275,0.6,0.0,0.3967,limited,1,1,2,2,2
17,2020,0.6354,0.425,0.85,0.7,0.5667,moderate,1,4,0,2,1
17,2021,0.6354,0.425,0.85,0.7,0.5667,moderate,1,4,0,2,1
17,2022,0.6248,0.425,0.85,0.7,0.5242,moderate,1,4,0,2,1
17,2023,0.7392,0.925,0.85,0.7,0.4817,moderate,2,4,0,2,0
17,2024,0.7285,0.925,0.85,0.7,0.4392,moderate,2,4,0,2,0
17,2025,0.6992,0.85,0.85,0.7,0.3967,moderate,2,4,0,2,0
17,2026,0.5914,0.6688,0.6,0.7,0.3967,moderate,2,2,2,2,0
17,2027,0.3179,0.275,0.6,0.0,0.3967,limited,1,1,2,2,2
18,2020,0.6354,0.425,0.85,0.7,0.5667,moderate,1,4,0,2,1
18,2021,0.6354,0.425,0.85,0.7,0.5667,moderate,1,4,0,2,1
18,2022,0.6248,0.425,0.85,0.7,0.5242,moderate,1,4,0,2,1
18,2023,0.7392,0.925,0.85,0.7,0.4817,moderate,2,4,0,2,0
18,2024,0.7285,0.925,0.85,0.7,0.4392,moderate,2,4,0,2,0
18,2025,0.6992,0.85,0.85,0.7,0.3967,moderate,2,4,0,2,0
18,2026,0.5914,0.6688,0.6,0.7,0.3967,moderate,2,2,2,2,0
18,2027,0.3179,0.275,0.6,0.0,0.3967,limited,1,1,2,2,2
19,2020,0.6354,0.425,0.85,0.7,0.5667,moderate,1,4,0,2,1
19,2021,0.6354,0.425,0.85,0.7,0.5667,moderate,1,4,0,2,1
19,2022,0.6248,0.425,0.85,0.7,0.5242,moderate,1,4,0,2,1
19,2023,0.7392,0.925,0.85,0.7,0.4817,moderate,2,4,0,2,0
19,2024,0.7285,0.925,0.85,0.7,0.4392,moderate,2,4,0,2,0
19,2025,0.6992,0.85,0.85,0.7,0.3967,moderate,2,4,0,2,0
19,2026,0.5914,0.6688,0.6,0.7,0.3967,moderate,2,2,2,2,0
19,2027,0.3179,0.275,0.6,0.0,0.3967,limited,1,1,2,2,2
20,2020,0.6354,0.425,0.85,0.7,0.5667,moderate,1,4,0,2,1
20,2021,0.6354,0.425,0.85,0.7,0.5667,moderate,1,4,0,2,1
20,2022,0.6248,0.425,0.85,0.7,0.5242,moderate,1,4,0,2,1
20,2023,0.7392,0.925,0.85,0.7,0.4817,moderate,2,4,0,2,0
20,2024,0.7285,0.925,0.85,0.7,0.4392,moderate,2,4,0,2,0
20,2025,0.6992,0.85,0.85,0.7,0.3967,moderate,2,4,0,2,0
20,2026,0.5914,0.6688,0.6,0.7,0.3967,moderate,2,2,2,2,0
20,2027,0.3179,0.275,0.6,0.0,0.3967,limited,1,1,2,2,2
21,2020,0.6354,0.425,0.85,0.7,0.5667,moderate,1,4,0,2,1
21,2021,0.6354,0.425,0.85,0.7,0.5667,moderate,1,4,0,2,1
21,2022,0.6248,0.425,0.85,0.7,0.5242,moderate,1,4,0,2,1
21,2023,0.7392,0.925,0.85,0.7,0.4817,moderate,2,4,0,2,0
21,2024,0.7285,0.925,0.85,0.7,0.4392,moderate,2,4,0,2,0
21,2025,0.6992,0.85,0.85,0.7,0.3967,moderate,2,4,0,2,0
21,2026,0.5914,0.6688,0.6,0.7,0.3967,moderate,2,2,2,2,0
21,2027,0.3179,0.275,0.6,0.0,0.3967,limited,1,1,2,2,2
22,2020,0.6354,0.425,0.85,0.7,0.5667,moderate,1,4,0,2,1
22,2021,0.6354,0.425,0.85,0.7,0.5667,moderate,1,4,0,2,1
22,2022,0.6248,0.425,0.85,0.7,0.5242,moderate,1,4,0,2,1
22,2023,0.7392,0.925,0.85,0.7,0.4817,moderate,2,4,0,2,0
22,2024,0.7285,0.925,0.85,0.7,0.4392,moderate,2,4,0,2,0
22,2025,0.6992,0.85,0.85,0.7,0.3967,moderate,2,4,0,2,0
22,2026,0.5914,0.6688,0.6,0.7,0.3967,moderate,2,2,2,2,0
22,2027,0.3179,0.275,0.6,0.0,0.3967,limited,1,1,2,2,2
23,2020,0.6354,0.425,0.85,0.7,0.5667,moderate,1,4,0,2,1
23,2021,0.6354,0.425,0.85,0.7,0.5667,moderate,1,4,0,2,1
23,2022,0.6248,0.425,0.85,0.7,0.5242,moderate,1,4,0,2,1
23,2023,0.7392,0.925,0.85,0.7,0.4817,moderate,2,4,0,2,0
23,2024,0.7285,0.925,0.85,0.7,0.4392,moderate,2,4,0,2,0
23,2025,0.6992,0.85,0.85,0.7,0.3967,moderate,2,4,0,2,0
23,2026,0.5914,0.6688,0.6,0.7,0.3967,moderate,2,2,2,2,0
23,2027,0.3179,0.275,0.6,0.0,0.3967,limited,1,1,2,2,2
24,2020,0.6354,0.425,0.85,0.7,0.5667,moderate,1,4,0,2,1
24,2021,0.6354,0.425,0.85,0.7,0.5667,moderate,1,4,0,2,1
24,2022,0.6248,0.425,0.85,0.7,0.5242,moderate,1,4,0,2,1
24,2023,0.7392,0.925,0.85,0.7,0.4817,moderate,2,4,0,2,0
24,2024,0.7285,0.925,0.85,0.7,0.4392,moderate,2,4,0,2,0
24,2025,0.6992,0.85,0.85,0.7,0.3967,moderate,2,4,0,2,0
24,2026,0.5914,0.6688,0.6,0.7,0.3967,moderate,2,2,2,2,0
24,2027,0.3179,0.275,0.6,0.0,0.3967,limited,1,1,2,2,2
25,2020,0.6354,0.425,0.85,0.7,0.5667,moderate,1,4,0,2,1
25,2021,0.6354,0.425,0.85,0.7,0.5667,moderate,1,4,0,2,1
25,2022,0.6248,0.425,0.85,0.7,0.5242,moderate,1,4,0,2,1
25,2023,0.7392,0.925,0.85,0.7,0.4817,moderate,2,4,0,2,0
25,2024,0.7285,0.925,0.85,0.7,0.4392,moderate,2,4,0,2,0
25,2025,0.6992,0.85,0.85,0.7,0.3967,moderate,2,4,0,2,0
25,2026,0.5914,0.6688,0.6,0.7,0.3967,moderate,2,2,2,2,0
25,2027,0.3179,0.275,0.6,0.0,0.3967,limited,1,1,2,2,2
26,2020,0.6354,0.425,0.85,0.7,0.5667,moderate,1,4,0,2,1
26,2021,0.6354,0.425,0.85,0.7,0.5667,moderate,1,4,0,2,1
26,2022,0.6248,0.425,0.85,0.7,0.5242,moderate,1,4,0,2,1
26,2023,0.7392,0.925,0.85,0.7,0.4817,moderate,2,4,0,2,0
26,2024,0.7285,0.925,0.85,0.7,0.4392,moderate,2,4,0,2,0
26,2025,0.6992,0.85,0.85,0.7,0.3967,moderate,2,4,0,2,0
26,2026,0.5914,0.6688,0.6,0.7,0.3967,moderate,2,2,2,2,0
26,2027,0.3179,0.275,0.6,0.0,0.3967,limited,1,1,2,2,2
27,2020,0.6354,0.425,0.85,0.7,0.5667,moderate,1,4,0,2,1
27,2021,0.6354,0.425,0.85,0.7,0.5667,moderate,1,4,0,2,1
27,2022,0.6248,0.425,0.85,0.7,0.5242,moderate,1,4,0,2,1
27,2023,0.7392,0.925,0.85,0.7,0.4817,moderate,2,4,0,2,0
27,2024,0.7285,0.925,0.85,0.7,0.4392,moderate,2,4,0,2,0
27,2025,0.6992,0.85,0.85,0.7,0.3967,moderate,2,4,0,2,0
27,2026,0.5914,0.6688,0.6,0.7,0.3967,moderate,2,2,2,2,0
27,2027,0.3179,0.275,0.6,0.0,0.3967,limited,1,1,2,2,2
28,2020,0.6354,0.425,0.85,0.7,0.5667,moderate,1,4,0,2,1
28,2021,0.6354,0.425,0.85,0.7,0.5667,moderate,1,4,0,2,1
28,2022,0.6248,0.425,0.85,0.7,0.5242,moderate,1,4,0,2,1
28,2023,0.7392,0.925,0.85,0.7,0.4817,moderate,2,4,0,2,0
28,2024,0.7285,0.925,0.85,0.7,0.4392,moderate,2,4,0,2,0
28,2025,0.6992,0.85,0.85,0.7,0.3967,moderate,2,4,0,2,0
28,2026,0.5914,0.6688,0.6,0.7,0.3967,moderate,2,2,2,2,0
28,2027,0.3179,0.275,0.6,0.0,0.3967,limited,1,1,2,2,2
29,2020,0.6354,0.425,0.85,0.7,0.5667,moderate,1,4,0,2,1
29,2021,0.6354,0.425,0.85,0.7,0.5667,moderate,1,4,0,2,1
29,2022,0.6248,0.425,0.85,0.7,0.5242,moderate,1,4,0,2,1
29,2023,0.7392,0.925,0.85,0.7,0.4817,moderate,2,4,0,2,0
29,2024,0.7285,0.925,0.85,0.7,0.4392,moderate,2,4,0,2,0
29,2025,0.6992,0.85,0.85,0.7,0.3967,moderate,2,4,0,2,0
29,2026,0.5914,0.6688,0.6,0.7,0.3967,moderate,2,2,2,2,0
29,2027,0.3179,0.275,0.6,0.0,0.3967,limited,1,1,2,2,2
30,2020,0.6354,0.425,0.85,0.7,0.5667,moderate,1,4,0,2,1
30,2021,0.6354,0.425,0.85,0.7,0.5667,moderate,1,4,0,2,1
30,2022,0.6248,0.425,0.85,0.7,0.5242,moderate,1,4,0,2,1
30,2023,0.7392,0.925,0.85,0.7,0.4817,moderate,2,4,0,2,0
30,2024,0.7285,0.925,0.85,0.7,0.4392,moderate,2,4,0,2,0
30,2025,0.6992,0.85,0.85,0.7,0.3967,moderate,2,4,0,2,0
30,2026,0.5914,0.6688,0.6,0.7,0.3967,moderate,2,2,2,2,0
30,2027,0.3179,0.275,0.6,0.0,0.3967,limited,1,1,2,2,2
31,2020,0.6354,0.425,0.85,0.7,0.5667,moderate,1,4,0,2,1
31,2021,0.6354,0.425,0.85,0.7,0.5667,moderate,1,4,0,2,1
31,2022,0.6248,0.425,0.85,0.7,0.5242,moderate,1,4,0,2,1
31,2023,0.7392,0.925,0.85,0.7,0.4817,moderate,2,4,0,2,0
31,2024,0.7285,0.925,0.85,0.7,0.4392,moderate,2,4,0,2,0
31,2025,0.6992,0.85,0.85,0.7,0.3967,moderate,2,4,0,2,0
31,2026,0.5914,0.6688,0.6,0.7,0.3967,moderate,2,2,2,2,0
31,2027,0.3179,0.275,0.6,0.0,0.3967,limited,1,1,2,2,2
32,2020,0.6354,0.425,0.85,0.7,0.5667,moderate,1,4,0,2,1
32,2021,0.6354,0.425,0.85,0.7,0.5667,moderate,1,4,0,2,1
32,2022,0.6248,0.425,0.85,0.7,0.5242,moderate,1,4,0,2,1
32,2023,0.7392,0.925,0.85,0.7,0.4817,moderate,2,4,0,2,0
32,2024,0.7285,0.925,0.85,0.7,0.4392,moderate,2,4,0,2,0
32,2025,0.6992,0.85,0.85,0.7,0.3967,moderate,2,4,0,2,0
32,2026,0.5914,0.6688,0.6,0.7,0.3967,moderate,2,2,2,2,0
32,2027,0.3179,0.275,0.6,0.0,0.3967,limited,1,1,2,2,2
