scenario,year,spearman_vs_baseline,n
water_heavy,2020,0.963,32
water_heavy,2021,0.9597,32
water_heavy,2022,0.9479,32
water_heavy,2023,0.937,32
water_heavy,2024,0.9307,32
water_heavy,2025,0.9604,32
water_heavy,2026,0.915,32
water_heavy,2027,0.952,32
energy_heavy,2020,0.9509,32
energy_heavy,2021,0.9307,32
energy_heavy,2022,0.9413,32
energy_heavy,2023,0.8999,32
energy_heavy,2024,0.9465,32
energy_heavy,2025,0.9549,32
energy_heavy,2026,0.938,32
energy_heavy,2027,0.9391,32
digital_heavy,2020,0.9996,32
digital_heavy,2021,1.0,32
digital_heavy,2022,1.0,32
digital_heavy,2023,0.9989,32
digital_heavy,2024,0.9945,32
digital_heavy,2025,0.9989,32
digital_heavy,2026,1.0,32
digital_heavy,2027,1.0,32
vulnerability_heavy,2020,0.8666,32
vulnerability_heavy,2021,0.9062,32
vulnerability_heavy,2022,0.8882,32
vulnerability_heavy,2023,0.9329,32
vulnerability_heavy,2024,0.9322,32
vulnerability_heavy,2025,0.9113,32
vulnerability_heavy,2026,0.9014,32
vulnerability_heavy,2027,0.9106,32
rbi,2020,0.9758,32
rbi,2021,0.9666,32
rbi,2022,0.9666,32
rbi,2023,0.9736,32
rbi,2024,0.9813,32
rbi,2025,0.9652,32
rbi,2026,0.9839,32
rbi,2027,1.0,32
geometric,2020,0.8614,32
geometric,2021,0.9142,32
geometric,2022,0.8017,32
geometric,2023,0.9578,32
geometric,2024,0.9446,32
geometric,2025,0.9058,32
geometric,2026,0.8486,32
geometric,2027,0.9391,32
zscore,2020,0.9806,32
zscore,2021,0.9901,32
zscore,2022,0.9758,32
zscore,2023,0.9901,32
zscore,2024,0.9868,32
zscore,2025,0.9853,32
zscore,2026,0.9784,32
zscore,2027,0.989,32
percentile,2020,0.9584,32
percentile,2021,0.9256,32
percentile,2022,0.8992,32
percentile,2023,0.9459,32
percentile,2024,0.9538,32
percentile,2025,0.9626,32
percentile,2026,0.9556,32
percentile,2027,0.9708,32
