id,institution,title,url_landing,publication_date,access_date,license,dataset_type,geographic_coverage,temporal_coverage,redistribution,notes,fetch_url
S01,"Servicio Meteorológico Nacional (SMN), Comisión Nacional del Agua (CONAGUA)",Monitor de Sequía de México: municipios con sequía (archivo histórico municipal),https://smn.conagua.gob.mx/es/climatologia/monitor-de-sequia/monitor-de-sequia-en-mexico,2026-09-21,2026-10-04,Public government information (gob.mx). Specific terms not stated on the file; treated as derived_only pending confirmation.,administrative,"Mexico, 2,4xx municipalities","2003-01 to 2026-09-15 (monthly, biweekly since 2014)",derived_only,Categories D0 (abnormally dry) to D4 (exceptional drought). Blank cells mean no drought category assigned.,https://smn.conagua.gob.mx/tools/RESOURCES/Monitor%20de%20Sequia%20en%20Mexico/MunicipiosSequia.xlsx
S02,Consejo Nacional de Población (CONAPO),Conciliación Demográfica 1950-2019 y Proyecciones de la Población de México y de las Entidades Federativas 2020-2070: indicadores demográficos,https://www.datos.gob.mx/dataset/proyecciones-de-poblacion,2023,2026-10-04,CC BY 4.0 (datos.gob.mx),modelled,National and 32 states,1950-2070 (1950-2019 conciliation; 2020-2070 projections),raw_ok,Values for 2020 onward are projections calibrated to the 2020 Census; they are coded as `modelled`.,https://www.datos.gob.mx/dataset/f2b9b220-3ef7-4e3a-bde6-87e1dac78c6a/resource/b4fe49a8-c86a-4c32-8450-8f3c4cc83125/download/05_indicadores_demograficos_proyecciones.csv
S03,Comisión Nacional del Agua (CONAGUA),"Disponibilidad de agua subterránea (653 acuíferos), publicación 2023",https://www.datos.gob.mx/dataset/aguas_subterraneas,2023,2026-10-04,CC BY 4.0 (datos.gob.mx),administrative,"653 aquifers, each assigned to one state by CONAGUA (CLV_EDO)",Single vintage (2023 publication; file stem dated 09-11-2023),raw_ok,Mean annual availability (DMA) computed under NOM-011-CONAGUA-2015. DMA_NEGATI < 0 means no availability (deficit).,https://repodatos.atdt.gob.mx/api_update/conagua/aguas_subterraneas/disponibilidad_agua_subterranea.zip
S04,Comisión Nacional del Agua (CONAGUA),Ordenamientos de aguas subterráneas: vedas,https://www.datos.gob.mx/dataset/aguas_subterraneas,2021-11-25,2026-10-04,CC BY 4.0 (datos.gob.mx),geospatial,Polygons of groundwater vedas (prohibitions/restrictions) in force at file date,Decrees with DOF dates; geometry as of 2021-11-25,raw_ok,Descriptive regulatory layer. Not a legal assessment.,https://repodatos.atdt.gob.mx/api_update/conagua/aguas_subterraneas/ordenamientos_asub_vedas.zip
S05,Comisión Nacional del Agua (CONAGUA),Ordenamientos de aguas subterráneas: reglamentos y reservas de zonas reglamentadas,https://www.datos.gob.mx/dataset/aguas_subterraneas,2023-01-13,2026-10-04,CC BY 4.0 (datos.gob.mx),geospatial,11 regulated zones,As of 2023-01-13,raw_ok,,https://repodatos.atdt.gob.mx/api_update/conagua/aguas_subterraneas/ordenamientos_asub_reglamentos_reservas_zonas_reglamentadas.zip
S06,Comisión Nacional del Agua (CONAGUA),Ordenamientos de aguas subterráneas: acuerdo de suspensión provisional de libre alumbramiento,https://www.datos.gob.mx/dataset/aguas_subterraneas,2021-11-25,2026-10-04,CC BY 4.0 (datos.gob.mx),geospatial,Aquifers covered by suspension agreements,As of 2021-11-25,raw_ok,,https://repodatos.atdt.gob.mx/api_update/conagua/aguas_subterraneas/ordenamientos_asub_suspension_libre_alumbramiento.zip
S07,Comisión Nacional de Energía (CNE),Lista de permisos otorgados de generación de energía eléctrica: histórico (1963 - febrero de 2026),https://www.datos.gob.mx/dataset/electricidad,2026-04-20,2026-10-04,CC BY 4.0 (datos.gob.mx),administrative,Permits by state and municipality,1963 to 2026-02,derived_only,"Raw file names permit holders and lists street addresses with coordinates. The observatory publishes ONLY state-year aggregates of authorized capacity; holder names, addresses and coordinates are dropped at ingestion (see DATA_GOVERNANCE_AUDIT.md). Authorized capacity is not equal to installed or dispatched capacity.",https://repodatos.atdt.gob.mx/api_update/cne/electricidad/ue_per_gen_hist_feb26.csv
S08,Consejo Nacional de Población (CONAPO),Índice de marginación por entidad federativa 2020,https://www.datos.gob.mx/dataset/indices_marginacion,2021,2026-10-04,CC BY 4.0 (datos.gob.mx),derived,32 states,2020 (Census 2020 based),raw_ok,"IMN_2020 is CONAPO's normalized marginalization index (0-1 scale, higher = more marginalized).",https://www.datos.gob.mx/dataset/d8f2a534-bcee-4114-853d-82982a81ce24/resource/d217f9aa-70e5-4176-b00b-3a92b7541a1e/download/ime_2020.csv
S09,"Comisión Nacional del Agua (CONAGUA), Programa Nacional Contra la Sequía (PRONACOSE)","Vulnerabilidad social, económica y ambiental a la sequía por municipio",https://www.datos.gob.mx/dataset/programa_nacional_contra_sequia_pronacose,undated,2026-10-04,CC BY 4.0 (datos.gob.mx),modelled,Municipalities,Undated vintage; treated as time-invariant with a recency penalty,raw_ok,Probabilities (0-100) estimated by CONAGUA from indicator sets. The vintage year is not stated in the published resource; the observatory flags this as UNDATED_VINTAGE.,https://repodatos.atdt.gob.mx/api_update/conagua/programa_nacional_contra_sequia_pronacose/
S10,Instituto Nacional de Ecología y Cambio Climático (INECC),Instrumentos de Política Climática en México por Entidad Federativa (1975-2025),https://www.datos.gob.mx/dataset/instrumentos_politica_climatica_mexico_entidad_federativa,2025,2026-10-04,CC BY 4.0 (datos.gob.mx),documentary,32 states,Instruments published 1975-2025,raw_ok,Governance layer only. Counts of instruments are descriptive and say nothing about their effectiveness.,https://repodatos.atdt.gob.mx/api_update/inecc/instrumentos_politica_climatica_mexico_entidad_federativa/instrumentos_inecc.csv
S11,Comisión Federal de Electricidad (CFE),Consumo final de energía eléctrica (2016 a 2025),https://www.datos.gob.mx/dataset/consumo_final_energia_electrica,2026-03-13,2026-10-04,CC BY 4.0 (datos.gob.mx),administrative,National only,"2016-01 to 2025-12, monthly",raw_ok,National context series. NOT territorial: it cannot enter the state-level index.,https://repodatos.atdt.gob.mx/api_update/cfe/consumo_final_energia_electrica/consumo_final_energia_electrica.csv
S12,Natural Earth,"Admin 1 – States, Provinces (1:10m), v5",https://www.naturalearthdata.com/,2022,2026-10-04,Public domain,geospatial,World; filtered to the 32 Mexican states,Static,raw_ok,Used for display geometry and state areas. Official analytical boundaries are INEGI's Marco Geoestadístico; NE boundaries are generalized. Areas computed from NE are approximate (see METHODOLOGY).,https://raw.githubusercontent.com/nvkelso/natural-earth-vector/master/geojson/ne_10m_admin_1_states_provinces.geojson
S13,"world-atlas (M. Bostock), derived from Natural Earth",land-110m.json v2.0.2,https://github.com/topojson/world-atlas,2020,2026-10-04,"ISC (data: Natural Earth, public domain)",geospatial,World land,Static,raw_ok,Globe basemap only.,https://registry.npmjs.org/world-atlas/-/world-atlas-2.0.2.tgz
S20,Oracle Cloud Infrastructure documentation,"Release note: New region in Queretaro, Mexico (mx-queretaro-1)",https://docs.oracle.com/en-us/iaas/releasenotes/changes/75aca8c4-b80f-4892-bc5c-b6748ec4b5d7/index.htm,2022-07-15,2026-10-04,"Copyrighted web page; facts cited, text not reproduced",documentary,Querétaro,2022,metadata_only,Primary (provider) source.,
S21,Oracle Cloud Infrastructure documentation,"Release note: New region in Monterrey, Mexico (mx-monterrey-1)",https://docs.oracle.com/en-us/iaas/releasenotes/changes/b2b79dfd-1a85-4a96-841a-6686b8e0f78f/,2023-07-13,2026-10-04,"Copyrighted web page; facts cited, text not reproduced",documentary,Nuevo León,2023,metadata_only,Primary (provider) source.,
S22,Mexico Business News,Microsoft Launches First Cloud Data Center in Mexico,https://mexicobusiness.news/cloudanddata/news/microsoft-launches-first-cloud-data-center-mexico,2024-05-08,2026-10-04,"Copyrighted web page; facts cited, text not reproduced",documentary,Querétaro metropolitan area,2024,metadata_only,Secondary source (press).,
S23,DatacenterDynamics,Google launches Mexican cloud region in Querétaro,https://www.datacenterdynamics.com/en/news/google-launches-mexican-cloud-region-in-queretaro/,2024-12-07,2026-10-04,"Copyrighted web page; facts cited, text not reproduced",documentary,Querétaro,2024,metadata_only,Secondary source (trade press).,
S24,Amazon Web Services News Blog,Now open – AWS Mexico (Central) Region (mx-central-1),https://aws.amazon.com/blogs/aws/now-open-aws-mexico-central-region,2025-01-14,2026-10-04,"Copyrighted web page; facts cited, text not reproduced",documentary,Mexico (Central),2025,metadata_only,Primary source does not name the state. State attribution (Querétaro) relies on S25.,
S25,Amazon (press release),AWS to launch an infrastructure region in Mexico,https://press.aboutamazon.com/2024/2/aws-to-launch-an-infrastructure-region-in-mexico,2024-02-25,2026-10-04,"Copyrighted web page; facts cited, text not reproduced",documentary,Querétaro,2024,metadata_only,Location attribution for S24; confidence recorded as `secondary` in the register.,
S26,DatacenterDynamics,Alibaba Cloud launches Mexico cloud region,https://www.datacenterdynamics.com/en/news/alibaba-cloud-launches-mexico-cloud-region/,2025-02-19,2026-10-04,"Copyrighted web page; facts cited, text not reproduced",documentary,Querétaro,2025,metadata_only,Secondary source (trade press).,
S27,Xataka México; Mexico Business News,Huawei cloud data centres in Estado de México (first opened 2019; second region 2021),https://www.xataka.com.mx/telecomunicaciones/huawei-no-solo-smartphones-empresa-apuesta-mexico-nube-abrira-su-segundo-centro-datos-tultitlan-edomex,2021-10-26,2026-10-04,"Copyrighted web page; facts cited, text not reproduced",documentary,Estado de México,2019-2021,metadata_only,Secondary sources; opening years are reported at year precision only.,
S28,DatacenterDynamics (Spanish edition),El boom de data centers en Querétaro; acapara el 79% nacional,https://www.datacenterdynamics.com/es/noticias/el-boom-de-data-centers-en-quer%C3%A9taro-acapara-el-79-nacional/,2026-02-12,2026-10-04,"Copyrighted web page; facts cited, text not reproduced",documentary,Querétaro,May 2025,metadata_only,"Reports 186 MW operating in Querétaro as of May 2025 (~79% of national). The article does not attribute the figure to a named primary source; kept as CONTEXT ONLY, never in the index.",
S40,Cámara de Diputados del H. Congreso de la Unión,Constitución Política de los Estados Unidos Mexicanos (texto vigente),https://www.diputados.gob.mx/LeyesBiblio/pdf/CPEUM.pdf,1917-02-05 (last reform varies),2026-10-04,Official legal text (public),documentary,Federal,In force,metadata_only,,
S41,Diario Oficial de la Federación; Holland & Knight (summary),Ley General de Aguas and reform decree of the Ley de Aguas Nacionales,https://www.hklaw.com/es/insights/publications/2025/12/mexico-aprueba-la-nueva-ley-general-de-aguas-y-reformas,2025-12-11,2026-10-04,"Official legal text (public); law-firm summary cited, not reproduced",documentary,Federal,From 2025-12,metadata_only,DOF date taken from the SCJN DOF synthesis of 2025-12-11. Requires verification against the DOF edition before formal legal citation.,
S42,Diario Oficial de la Federación; White & Case (summary),Ley del Sector Eléctrico; Ley de la Comisión Nacional de Energía; Ley de Planeación y Transición Energética (DOF 2025-03-18),https://whitecase.com/sites/default/files/2025-03/nuevas-leyes-en-materia-de-energia-esp.pdf,2025-03-18,2026-10-04,"Official legal text (public); law-firm summary cited, not reproduced",documentary,Federal,From 2025-03,metadata_only,Abrogated Ley de la Industria Eléctrica and Ley de Transición Energética; CNE replaced CRE.,
S43,Diario Oficial de la Federación; IDC Online (summary),Ley en Materia de Telecomunicaciones y Radiodifusión (DOF 2025-07-16),https://www.diputados.gob.mx/LeyesBiblio/pdf/LMTR.pdf,2025-07-16,2026-10-04,Official legal text (public),documentary,Federal,From 2025-07,metadata_only,Creates the Comisión Reguladora de Telecomunicaciones attached to the Agencia de Transformación Digital y Telecomunicaciones.,
S44,Cámara de Diputados,Ley General del Equilibrio Ecológico y la Protección al Ambiente,https://www.diputados.gob.mx/LeyesBiblio/pdf/LGEEPA.pdf,1988-01-28 (texto vigente),2026-10-04,Official legal text (public),documentary,Federal,In force,metadata_only,,
S45,Cámara de Diputados,"Ley General de Asentamientos Humanos, Ordenamiento Territorial y Desarrollo Urbano",https://www.diputados.gob.mx/LeyesBiblio/pdf/LGAHOTDU.pdf,2016-11-28 (texto vigente),2026-10-04,Official legal text (public),documentary,Federal,In force,metadata_only,,
S46,CONAGUA / DOF,"NOM-011-CONAGUA-2015, Conservación del recurso agua: especificaciones y método para determinar la disponibilidad media anual de las aguas nacionales",https://www.dof.gob.mx/nota_detalle.php?codigo=5387027&fecha=27/03/2015,2015-03-27,2026-10-04,Official legal text (public),documentary,Federal,In force,metadata_only,Defines the method behind S03.,
S47,Cámara de Diputados,Ley General de Cambio Climático,https://www.diputados.gob.mx/LeyesBiblio/pdf/LGCC.pdf,2012-06-06 (texto vigente),2026-10-04,Official legal text (public),documentary,Federal,In force,metadata_only,,
S48,Cámara de Diputados,Ley Federal de Derechos (zonas de disponibilidad para cuotas de agua),https://www.diputados.gob.mx/LeyesBiblio/pdf/LFD.pdf,1981-12-31 (texto vigente),2026-10-04,Official legal text (public),documentary,Federal,In force,metadata_only,,
