instrument_id,name_es,name_en,instrument_type,level,domains,category,date,source_id,description_en,description_es,open_question_en,open_question_es
G01,"CPEUM, artículo 4 (derecho humano al agua y a un medio ambiente sano)","Constitution, Art. 4 (human right to water; healthy environment)",constitution,federal,water|environment,applicable_framework,2012-02-08,S40,"Recognizes the right of access to, disposal of and sanitation of water for personal and domestic use, and the right to a healthy environment.","Reconoce el derecho al acceso, disposición y saneamiento de agua para consumo personal y doméstico, y el derecho a un medio ambiente sano.","How are personal and domestic uses prioritized against industrial uses in territories with no groundwater availability?","¿Cómo se prioriza el uso personal y doméstico frente a usos industriales en territorios sin disponibilidad de agua subterránea?"
G02,"CPEUM, artículo 27 (propiedad originaria de las aguas; concesiones)","Constitution, Art. 27 (national ownership of waters; concessions)",constitution,federal,water|land,resource_allocation,1917-02-05,S40,"Vests original ownership of waters in the Nation and allows their use by private parties through concessions granted by the Federal Executive.","Establece la propiedad originaria de la Nación sobre las aguas y su aprovechamiento por particulares mediante concesiones del Ejecutivo Federal.","",""
G03,"CPEUM, artículos 25, 27 y 28 (áreas estratégicas: sistema eléctrico nacional)","Constitution, Arts. 25, 27, 28 (strategic areas: national electricity system)",constitution,federal,energy,institutional_competence,2024-10-31,S40,"Defines planning and control of the national electricity system as an exclusive strategic area of the State (as amended by the 2024 energy reform).","Define la planeación y el control del sistema eléctrico nacional como área estratégica exclusiva del Estado (reforma energética de 2024).","Date of the 2024 constitutional reform to be verified against the DOF.","Fecha de la reforma constitucional de 2024 por verificar contra el DOF."
G04,"CPEUM, artículo 115 (servicios municipales; zonificación y uso de suelo)","Constitution, Art. 115 (municipal services; zoning and land use)",constitution,municipal,water|land,institutional_competence,1917-02-05,S40,"Assigns municipalities drinking-water services and powers to formulate zoning plans and authorize land use.","Asigna a los municipios el servicio de agua potable y facultades para zonificación y autorización de usos de suelo.","Which level of government authorizes the siting of large digital-infrastructure facilities?","¿Qué orden de gobierno autoriza la ubicación de grandes instalaciones de infraestructura digital?"
G05,"CPEUM, artículo 6 (acceso a tecnologías de la información y banda ancha)","Constitution, Art. 6 (access to ICT and broadband)",constitution,federal,digital,policy_priority,2013-06-11,S40,"Recognizes the right of access to information and communication technologies, including broadband and internet.","Reconoce el derecho de acceso a las tecnologías de la información y comunicación, incluidos banda ancha e internet.","",""
G06,"Ley General de Aguas","General Water Law",law,federal,water,applicable_framework,2025-12-11,S41,"New general law on water. Per secondary summaries, it reinforces CONAGUA's role in reallocating rights and creates a new national water registry.","Nueva ley general en materia de aguas. Según resúmenes secundarios, refuerza el papel de CONAGUA en la reasignación de derechos y crea un nuevo registro nacional de aguas.","How do the new reallocation rules apply to industrial and service uses in deficit aquifers?","¿Cómo aplican las nuevas reglas de reasignación a usos industriales y de servicios en acuíferos con déficit?"
G07,"Ley de Aguas Nacionales (reforma 2025)","National Waters Law (2025 amendments)",law,federal,water,resource_allocation,2025-12-11,S41,"Per secondary summaries, concessions can no longer be transferred between private parties and the use originally granted cannot be changed.","Según resúmenes secundarios, las concesiones ya no pueden transmitirse entre particulares ni cambiarse el uso originalmente concesionado.","requires_legal_analysis","requires_legal_analysis"
G08,"NOM-011-CONAGUA-2015","NOM-011-CONAGUA-2015 (method for mean annual water availability)",standard,federal,water,applicable_framework,2015-03-27,S46,"Sets the method used by CONAGUA to compute the mean annual availability of national waters; it underlies the aquifer data used here.","Establece el método con que CONAGUA calcula la disponibilidad media anual de aguas nacionales; sustenta los datos de acuíferos usados aquí.","",""
G09,"Ley Federal de Derechos (zonas de disponibilidad)","Federal Duties Law (water availability zones)",law,federal,water,resource_allocation,1981-12-31,S48,"Sets fees for the use of national waters, differentiated by availability zone.","Fija cuotas por el uso de aguas nacionales diferenciadas por zona de disponibilidad.","",""
G10,"Ley del Sector Eléctrico","Electricity Sector Law",law,federal,energy,regulatory_constraint,2025-03-18,S42,"Replaced the Electricity Industry Law. Per secondary summaries, it creates an 'autoconsumo' (self-supply) regime, with simplified permitting for 0.7 to 20 MW plants.","Sustituyó a la Ley de la Industria Eléctrica. Según resúmenes secundarios, crea el régimen de autoconsumo con permisos simplificados para centrales de 0.7 a 20 MW.","How do large new electricity consumers access the grid or self-supply under the new regime?","¿Cómo acceden los grandes consumidores nuevos a la red o al autoconsumo bajo el nuevo régimen?"
G11,"Ley de la Comisión Nacional de Energía","National Energy Commission Law",law,federal,energy,institutional_competence,2025-03-18,S42,"Creates the CNE, which replaced the CRE and CNH as energy regulator and issues generation permits (source S07).","Crea la CNE, que sustituyó a la CRE y la CNH como regulador energético y otorga permisos de generación (fuente S07).","",""
G12,"Ley de Planeación y Transición Energética","Energy Planning and Transition Law",law,federal,energy,policy_priority,2025-03-18,S42,"Replaced the Energy Transition Law; governs energy planning.","Sustituyó a la Ley de Transición Energética; regula la planeación energética.","",""
G13,"Ley en Materia de Telecomunicaciones y Radiodifusión","Telecommunications and Broadcasting Law",law,federal,digital,institutional_competence,2025-07-16,S43,"Creates the Telecommunications Regulatory Commission attached to the Digital Transformation and Telecommunications Agency. Secondary summaries do not identify specific provisions on data centres.","Crea la Comisión Reguladora de Telecomunicaciones adscrita a la Agencia de Transformación Digital y Telecomunicaciones. Los resúmenes secundarios no identifican disposiciones específicas sobre centros de datos.","data_insufficient: is there a specific federal regime for data-centre siting, energy or water use?","data_insufficient: ¿existe un régimen federal específico para ubicación, energía o agua de centros de datos?"
G14,"Ley General del Equilibrio Ecológico y la Protección al Ambiente","General Law of Ecological Balance and Environmental Protection",law,federal,environment|land,regulatory_constraint,1988-01-28,S44,"Establishes environmental impact assessment and the distribution of environmental competences among federal, state and municipal governments.","Establece la evaluación del impacto ambiental y la distribución de competencias ambientales entre federación, estados y municipios.","Which environmental impact assessment level (federal or state) applies to a data-centre campus? requires_legal_analysis","¿Qué nivel de evaluación de impacto ambiental (federal o estatal) aplica a un campus de centros de datos? requires_legal_analysis"
G15,"Ley General de Asentamientos Humanos, Ordenamiento Territorial y Desarrollo Urbano","General Law on Human Settlements, Territorial Planning and Urban Development",law,federal,land,institutional_competence,2016-11-28,S45,"Sets the framework for territorial and urban planning that state and municipal land-use plans implement.","Establece el marco de ordenamiento territorial y urbano que los planes estatales y municipales de uso de suelo implementan.","",""
G16,"Ley General de Cambio Climático","General Law on Climate Change",law,federal,environment|energy,policy_priority,2012-06-06,S47,"Framework for climate policy, emissions inventories and state climate instruments (see INECC register, S10).","Marco de la política climática, los inventarios de emisiones y los instrumentos climáticos estatales (ver registro INECC, S10).","",""
