file,source_id,url,bytes,sha256,access_date,acquisition_note
smn_MunicipiosSequia.xlsx,S01,https://smn.conagua.gob.mx/tools/RESOURCES/Monitor%20de%20Sequia%20en%20Mexico/MunicipiosSequia.xlsx,2140298,87aa2b2e055e4ff91fc3ce32db2f3baefdf7ea23d51a0d32bacf73714885343a,2026-10-04,downloaded from the official URL via a desktop browser session (see docs/SOURCES.md)
conapo_indicadores.csv,S02,https://www.datos.gob.mx/dataset/f2b9b220-3ef7-4e3a-bde6-87e1dac78c6a/resource/b4fe49a8-c86a-4c32-8450-8f3c4cc83125/download/05_indicadores_demograficos_proyecciones.csv,1689266,e0407d1640f38232023cf97656a0cb7be46049b1cb2344198c7e4aaec7cae6cd,2026-10-04,downloaded from the official URL via a desktop browser session (see docs/SOURCES.md)
conagua_disponibilidad.zip,S03,https://repodatos.atdt.gob.mx/api_update/conagua/aguas_subterraneas/disponibilidad_agua_subterranea.zip,4111514,14afa0c98cd17392f19882e8890c731571932c87b301a70b8dcd2cb0a30b63f9,2026-10-04,downloaded from the official URL via a desktop browser session (see docs/SOURCES.md)
conagua_vedas.zip,S04,https://repodatos.atdt.gob.mx/api_update/conagua/aguas_subterraneas/ordenamientos_asub_vedas.zip,3418397,b67f1a0b79dc5fa9dbbf167fc268e20695492e1a9410aeb4d7c499a96af74c3f,2026-10-04,downloaded from the official URL via a desktop browser session (see docs/SOURCES.md)
conagua_reglamentos.zip,S05,https://repodatos.atdt.gob.mx/api_update/conagua/aguas_subterraneas/ordenamientos_asub_reglamentos_reservas_zonas_reglamentadas.zip,26905,84cd1a80873ae744230c563bd03faa9de1d78a55edcfa86746492c357c7340ee,2026-10-04,downloaded from the official URL via a desktop browser session (see docs/SOURCES.md)
conagua_suspension.zip,S06,https://repodatos.atdt.gob.mx/api_update/conagua/aguas_subterraneas/ordenamientos_asub_suspension_libre_alumbramiento.zip,2041149,5f00f7370b302b05ccc9ecfaca1289fefe1f65a18e5deef15d9983a58e19e14e,2026-10-04,downloaded from the official URL via a desktop browser session (see docs/SOURCES.md)
cne_permisos_gen_hist.csv,S07,https://repodatos.atdt.gob.mx/api_update/cne/electricidad/ue_per_gen_hist_feb26.csv,816993,afafac19916688a3901959feb168c470780a36ff13833e93df1cd3d0352a7e98,2026-10-04,downloaded from the official URL via a desktop browser session (see docs/SOURCES.md)
conapo_ime_2020.csv,S08,https://www.datos.gob.mx/dataset/d8f2a534-bcee-4114-853d-82982a81ce24/resource/d217f9aa-70e5-4176-b00b-3a92b7541a1e/download/ime_2020.csv,7793,d23d1fd1847f2ca0d3171c480fe53ae3f15d182efcb70085ae54576d5c84a4bb,2026-10-04,downloaded from the official URL via a desktop browser session (see docs/SOURCES.md)
pronacose_vuln_social.csv,S09,https://repodatos.atdt.gob.mx/api_update/conagua/programa_nacional_contra_sequia_pronacose/vulnerabilidad_social_municipal.csv,99425,134d4dd69bcb7c3873965650b2574fde8ae42fd123906c3b847ad93199ed4a58,2026-10-04,downloaded from the official URL via a desktop browser session (see docs/SOURCES.md)
pronacose_vuln_economica.csv,S09,https://repodatos.atdt.gob.mx/api_update/conagua/programa_nacional_contra_sequia_pronacose/vulnerabilidad_economica_municipal.csv,87013,cf4cbbe91cb4fb00c7194cbf507d18335f4d8f3e9072515b826b7126374d51d0,2026-10-04,downloaded from the official URL via a desktop browser session (see docs/SOURCES.md)
pronacose_vuln_ambiental.csv,S09,https://repodatos.atdt.gob.mx/api_update/conagua/programa_nacional_contra_sequia_pronacose/vulnerabilidad_ambiental_municipal.csv,86960,f4bf312897f3831889e10fd5c48ed6e3753b0467eef6e149b7060b776af3f4b0,2026-10-04,downloaded from the official URL via a desktop browser session (see docs/SOURCES.md)
inecc_instrumentos.csv,S10,https://repodatos.atdt.gob.mx/api_update/inecc/instrumentos_politica_climatica_mexico_entidad_federativa/instrumentos_inecc.csv,97622,351820a2539aa28d23c56b4db17b0702b2796ece6865c57aa042071a508f8201,2026-10-04,downloaded from the official URL via a desktop browser session (see docs/SOURCES.md)
cfe_consumo_final.csv,S11,https://repodatos.atdt.gob.mx/api_update/cfe/consumo_final_energia_electrica/consumo_final_energia_electrica.csv,2779,53251e23c7ba101c1d0ca5e791402e6094204f82c961849d34e42091c7f9758d,2026-10-04,downloaded from the official URL via a desktop browser session (see docs/SOURCES.md)
ne_10m_admin1_mexico.geojson,S12,https://raw.githubusercontent.com/nvkelso/natural-earth-vector/master/geojson/ne_10m_admin_1_states_provinces.geojson,589975,bdbcc8befca9ba3371b7e1d200399b2e49e0d79fc0c689f0d857d97d2d87552a,2026-10-04,downloaded from the official URL via a desktop browser session (see docs/SOURCES.md)
world_land_110m.topo.json,S13,https://registry.npmjs.org/world-atlas/-/world-atlas-2.0.2.tgz,55207,ead5f68119c49a9250902e7da303bcb209341bbb8fefe7369a439b48b704658a,2026-10-04,downloaded from the official URL via a desktop browser session (see docs/SOURCES.md)
