variable_id,pillar,in_index,direction,transform,unit,default_status,source_ids,label_en,label_es,definition_en,definition_es,plausible_min,plausible_max
w_drought_intensity,W,True,1,none,score 0-100,derived,S01,Drought intensity,Intensidad de la sequía,"Mean drought category across all municipalities of the state and all Drought Monitor maps issued in the year (none/D0 = 0, D1 = 1 … D4 = 4), rescaled to 0-100. Municipalities are weighted equally.","Categoría media de sequía en todos los municipios del estado y todos los mapas del Monitor emitidos en el año (sin sequía/D0 = 0, D1 = 1 … D4 = 4), reescalada a 0-100. Los municipios pesan igual.",0,100
w_drought_share,W,False,1,none,%,derived,S01,Municipality-maps in drought (D1-D4),Municipios-mapa en sequía (D1-D4),Share of municipality × map observations in the year classified D1 or worse.,Proporción de observaciones municipio × mapa del año clasificadas D1 o más.,0,100
w_aquifer_deficit_share,W,True,1,none,% of aquifers,administrative,S03,Aquifers without availability,Acuíferos sin disponibilidad,"Share of the aquifers that CONAGUA assigns to the state whose mean annual availability (DMA) is negative, per the 2023 publication.","Proporción de los acuíferos que CONAGUA asigna al estado con disponibilidad media anual (DMA) negativa, según la publicación 2023.",0,100
w_aquifer_deficit_volume_pc,W,False,1,none,m³ per person per year,derived,S03|S02,Groundwater deficit per person,Déficit de agua subterránea por persona,Sum of negative DMA volumes of the state's aquifers divided by mid-year population.,Suma de los volúmenes de DMA negativa de los acuíferos del estado entre la población a mitad de año.,0,100000
e_capacity_per_100k,E,True,1,log1p,"MW per 100,000 people",derived,S07|S02,Authorized generation capacity in operation,Capacidad de generación autorizada en operación,"Authorized capacity (MW) of CNE generation permits whose stated operation date is on or before 31 December of the year and that had not ended by then, per 100,000 inhabitants. Import/export permits excluded. Authorized ≠ installed or dispatched.","Capacidad autorizada (MW) de permisos de generación de la CNE con fecha de operación al 31 de diciembre del año o antes y no terminados para entonces, por cada 100,000 habitantes. Excluye importación/exportación. Autorizada ≠ instalada o despachada.",0,100000
e_combustion_share,E,True,1,none,% of authorized MW,derived,S07,Combustion-based share of capacity,Proporción de capacidad basada en combustión,"Share of the capacity above that uses combustion technologies (combined cycle, conventional thermal, gas turbine, internal combustion, coal, cogeneration, bioenergy). These technologies are the ones that typically require cooling water and emit at the point of generation.","Proporción de la capacidad anterior que usa tecnologías de combustión (ciclo combinado, termoeléctrica convencional, turbogás, combustión interna, carbón, cogeneración, bioenergía): las que típicamente requieren agua de enfriamiento y emiten en el sitio.",0,100
e_selfsupply_new_mw_3y,C,False,1,none,MW,derived,S07,New self-supply capacity (3-year window),Nueva capacidad de autoabastecimiento (ventana de 3 años),"Authorized MW of self-supply/autoconsumo permits (AUT., AUTC) whose operation date falls in the 3 years ending in the given year.","MW autorizados de permisos de autoabastecimiento/autoconsumo (AUT., AUTC) con fecha de operación en los 3 años que terminan en el año dado.",0,100000
d_cloud_regions,D,True,1,log1p,regions,documentary,S20|S21|S22|S23|S24|S25|S26|S27,Hyperscale cloud regions in operation,Regiones de nube a hiperescala en operación,Number of public-cloud regions of hyperscale providers reported operational in the state by 31 December of the year (by 4 October for 2026). Built from a documentary register; operator identities are not part of the dataset.,Número de regiones de nube pública de proveedores a hiperescala reportadas en operación en el estado al 31 de diciembre del año (al 4 de octubre para 2026). Se construye con un registro documental; la identidad de los operadores no forma parte del conjunto de datos.,0,50
d_cloud_regions_announced,C,False,1,none,regions,documentary,S23|S25|S26,"Announced, not yet operational regions",Regiones anunciadas aún no operativas,Regions publicly announced by year end but not yet operational.,Regiones anunciadas públicamente al cierre del año pero aún no operativas.,0,50
v_pop_density,V,True,1,log1p,people per km²,modelled,S02|S12,Population density,Densidad de población,CONAPO mid-year population divided by state area computed from generalized Natural Earth boundaries (equal-area projection).,Población a mitad de año de CONAPO entre la superficie estatal calculada con límites generalizados de Natural Earth (proyección de áreas iguales).,0,10000
v_marginalization,V,True,-1,none,index 0-100 (higher = less marginalized),derived,S08,Marginalization index (2020),Índice de marginación (2020),"CONAPO normalized marginalization index 2020 (IMN_2020) × 100. In CONAPO's 2020 method a HIGHER value means LOWER marginalization, so the index uses direction -1. Single vintage; carried forward with a recency penalty in the coverage score.","Índice de marginación normalizado de CONAPO 2020 (IMN_2020) × 100. En el método 2020 de CONAPO un valor MAYOR significa MENOR marginación, por lo que el índice usa dirección -1. Una sola edición; se arrastra con penalización por antigüedad en la cobertura.",0,100
v_drought_vulnerability,V,True,1,none,probability 0-100,modelled,S09,Drought vulnerability,Vulnerabilidad a la sequía,"Mean across municipalities of the average of CONAGUA-PRONACOSE social, economic and environmental drought-vulnerability probabilities. Undated vintage.","Media municipal del promedio de las probabilidades de vulnerabilidad social, económica y ambiental a la sequía de CONAGUA-PRONACOSE. Edición sin fecha.",0,100
c_population,C,False,1,none,people,modelled,S02,Mid-year population,Población a mitad de año,CONAPO mid-year population (projection from 2020).,Población a mitad de año de CONAPO (proyección desde 2020).,100000,30000000
c_pop_growth_5y,C,False,1,none,% over 5 years,modelled,S02,Population growth (5 years),Crecimiento poblacional (5 años),Percent change in CONAPO mid-year population over the previous 5 years.,Cambio porcentual de la población a mitad de año de CONAPO en los 5 años previos.,-50,100
g_groundwater_ordinance_area,G,False,0,none,% of state area,geospatial,S04|S05|S06|S12,Area under groundwater ordinances,Superficie bajo ordenamientos de agua subterránea,"Share of state area covered by the union of groundwater vedas, regulations/reserves and suspension-of-free-pumping agreements whose DOF date is on or before the year, as mapped by CONAGUA. Descriptive; implies no legal assessment.","Proporción de la superficie estatal cubierta por la unión de vedas, reglamentos/reservas y acuerdos de suspensión de libre alumbramiento con fecha DOF al año o antes, según la cartografía de CONAGUA. Descriptivo; no implica valoración jurídica.",0,100
g_veda_area,G,False,0,none,% of state area,geospatial,S04|S12,Area under groundwater vedas,Superficie bajo vedas de agua subterránea,Share of state area under groundwater vedas with DOF date on or before the year.,Proporción de la superficie estatal bajo vedas de agua subterránea con fecha DOF al año o antes.,0,100
g_climate_instruments,G,False,0,none,instruments,documentary,S10,State climate-policy instruments published,Instrumentos estatales de política climática publicados,"Number of state climate-policy instruments in the INECC register reported as available, with publication year on or before the year. Counts presence, not quality or enforcement.","Número de instrumentos estatales de política climática del registro INECC reportados como disponibles, con año de publicación al año o antes. Cuenta presencia, no calidad ni cumplimiento.",0,100
